{
  "left": 11.67456,
  "right": 12.27456,
  "up": 60.0088,
  "down": 57.4088
}
