{
  "left": -0.41809,
  "right": 0.21809,
  "up": 51.8099,
  "down": 51.2099
}
